{"storymap": {"call_to_action": true, "call_to_action_text": "", "map_as_image": false, "map_type": "osm:standard", "slides": [{"background": {"url": "//uploads.knightlab.com/storymapjs/a1f3f4908b7efe1a52b2e288cc47f8b0/story-map-1/_images/Edinburgh Castle.jpg"}, "date": "", "location": {"line": true}, "media": {"caption": "", "credit": "", "url": ""}, "text": {"headline": "EDINBURGH", "text": "Scotland's capital"}, "type": "overview"}, {"date": "", "location": {"lat": 55.94857505154987, "line": true, "lon": 356.799556016922, "zoom": 17}, "media": {"caption": "", "credit": "", "url": "//uploads.knightlab.com/storymapjs/a1f3f4908b7efe1a52b2e288cc47f8b0/story-map-1/_images/Edinburgh Castle.jpg"}, "text": {"headline": "EDINBURGH CASTLE", "text": ""}}, {"date": "", "location": {"lat": 55.949704439399284, "line": true, "lon": 356.80147647857666, "zoom": 17}, "media": {"caption": "", "credit": "", "url": "//uploads.knightlab.com/storymapjs/a1f3f4908b7efe1a52b2e288cc47f8b0/story-map-1/_images/princes street gardens.jpg"}, "text": {"headline": "princes street gardens", "text": "<span>&nbsp;Two adjacent public parks in the centre of Edinburgh, Scotland, lying in the shadow of Edinburgh Castle. The Gardens were created in the 1820s following the long draining of the Nor Loch and building of the New Town, beginning in the 1760s</span>"}}, {"date": "", "location": {"lat": 55.94880333472891, "line": true, "lon": 356.803697347641, "zoom": 17}, "media": {"caption": "", "credit": "", "url": "//uploads.knightlab.com/storymapjs/a1f3f4908b7efe1a52b2e288cc47f8b0/story-map-1/_images/the royal mile 1.jpg"}, "text": {"headline": "THE royal mile", "text": "The Royal Mile&nbsp;runs between Edinburgh Castle and Holyrood Palace<span>, two significant locations in the royal history of Scotland, and is almost exactly one mile!</span>"}}, {"date": "", "location": {"lat": 55.95258783342421, "line": true, "lon": 356.8252730369568, "zoom": 17}, "media": {"caption": "", "credit": "", "url": "//uploads.knightlab.com/storymapjs/a1f3f4908b7efe1a52b2e288cc47f8b0/story-map-1/_images/royal mile 2.jpg"}, "text": {"headline": "the royal mile", "text": "The Royal Mile&nbsp;runs between Edinburgh Castle and Holyrood Palace, two significant locations in the royal history of Scotland, and is almost exactly one mile!"}}, {"date": "", "location": {"lat": 55.943816843154465, "line": true, "lon": 356.83812618255615, "zoom": 15}, "media": {"caption": "", "credit": "", "url": "//uploads.knightlab.com/storymapjs/a1f3f4908b7efe1a52b2e288cc47f8b0/story-map-1/_images/arthurs seat.jpg"}, "text": {"headline": "arthur's seat", "text": "Arthur's Seat is&nbsp;an extinct volcano, 251 meters (822 feet) high, located in Holyrood Park in Edinburgh, Scotland, offering panoramic city views. As a popular, accessible hiking spot in the city centre, it features 2,000-year-old fort remains, dramatic cliffs at Salisbury Crags, and 340-million-year-old geological features, making it a key site for geological history.<span>&nbsp;</span>"}}, {"date": "", "text": {"headline": "murrayfield", "text": "<span>Murrayfield Stadium is a rugby union stadium located in the area of the same name in Edinburgh, Scotland. The stadium is owned by the Scottish Rugby Union which has its headquarters based at the stadium, and is the national stadium of the Scotland national rugby union team.</span>"}, "media": {"url": "//uploads.knightlab.com/storymapjs/a1f3f4908b7efe1a52b2e288cc47f8b0/story-map-1/_images/murrayfield2.jpg", "credit": "", "caption": ""}, "location": {"line": true, "lat": 55.94218257610194, "lon": 356.7588400840759, "zoom": 16}}]}}